{"cameraMode":{"drawMode":0,"name":"Shaded","section":"Shading Mode"},"sceneLighting":false,"audioPlay":false,"sceneViewState":{"showFog":true,"showMaterialUpdate":false,"showSkybox":false,"showFlares":true,"showImageEffects":true,"showParticleSystems":true},"in2DMode":false,"pivot":{"x":2.384185791015625e-7,"y":1.0458366870880128,"z":-12.257908821105957},"rotation":{"x":0.18211418390274049,"y":0.20251969993114472,"z":0.03835928812623024,"w":-0.961490273475647},"size":2.303279399871826,"orthographic":false}