{"cameraMode":{"drawMode":0,"name":"Shaded","section":"Shading Mode"},"sceneLighting":false,"audioPlay":false,"sceneViewState":{"showFog":true,"showMaterialUpdate":false,"showSkybox":true,"showFlares":true,"showImageEffects":true,"showParticleSystems":true},"in2DMode":false,"pivot":{"x":-0.2463456392288208,"y":-15.152238845825196,"z":19.943208694458009},"rotation":{"x":-0.13185454905033112,"y":0.5487579703330994,"z":-0.08824746310710907,"w":-0.8209787607192993},"size":16.707578659057618,"orthographic":false}