{"cameraMode":{"drawMode":0,"name":"Shaded","section":"Shading Mode"},"sceneLighting":false,"audioPlay":false,"sceneViewState":{"showFog":true,"showMaterialUpdate":false,"showSkybox":true,"showFlares":true,"showImageEffects":true,"showParticleSystems":true},"in2DMode":false,"pivot":{"x":-2.4480504989624025,"y":3.795776605606079,"z":19.876615524291993},"rotation":{"x":-0.04919227957725525,"y":-0.33526113629341128,"z":-0.017384521663188936,"w":0.9408020377159119},"size":10.0,"orthographic":false}