{"cameraMode":{"drawMode":0,"name":"Shaded","section":"Shading Mode"},"sceneLighting":false,"audioPlay":false,"sceneViewState":{"showFog":true,"showMaterialUpdate":false,"showSkybox":true,"showFlares":true,"showImageEffects":true,"showParticleSystems":true},"in2DMode":false,"pivot":{"x":0.1787264496088028,"y":-0.8607000112533569,"z":-0.7800799012184143},"rotation":{"x":0.09018751233816147,"y":-0.01046095509082079,"z":0.0009714986081235111,"w":0.9959364533424377},"size":10.183732032775879,"orthographic":false}