{"cameraMode":{"drawMode":0,"name":"Shaded","section":"Shading Mode"},"sceneLighting":false,"audioPlay":false,"sceneViewState":{"showFog":true,"showMaterialUpdate":false,"showSkybox":true,"showFlares":true,"showImageEffects":true,"showParticleSystems":true},"in2DMode":false,"pivot":{"x":-7.454002857208252,"y":9.256169319152832,"z":-7.424631118774414},"rotation":{"x":0.056918904185295108,"y":-0.041919201612472537,"z":0.0023919979576021435,"w":0.9974980354309082},"size":10.0,"orthographic":false}