{"cameraMode":{"drawMode":0,"name":"Shaded","section":"Shading Mode"},"sceneLighting":false,"audioPlay":false,"sceneViewState":{"showFog":true,"showMaterialUpdate":false,"showSkybox":false,"showFlares":true,"showImageEffects":true,"showParticleSystems":true},"in2DMode":false,"pivot":{"x":1.0753250122070313,"y":-0.7000007629394531,"z":-65.66938781738281},"rotation":{"x":-0.15501435101032258,"y":0.06662974506616593,"z":0.010479389689862728,"w":0.9856078624725342},"size":107.09788513183594,"orthographic":false}