{"cameraMode":{"drawMode":0,"name":"Shaded","section":"Shading Mode"},"sceneLighting":false,"audioPlay":false,"sceneViewState":{"showFog":true,"showMaterialUpdate":false,"showSkybox":true,"showFlares":true,"showImageEffects":true,"showParticleSystems":true},"in2DMode":false,"pivot":{"x":-0.8487278819084168,"y":2.9020018577575685,"z":-0.8525290489196777},"rotation":{"x":0.03593144193291664,"y":-0.05843145027756691,"z":0.0021055261604487898,"w":0.9976586103439331},"size":25.715457916259767,"orthographic":false}