{"cameraMode":{"drawMode":0,"name":"Shaded","section":"Shading Mode"},"sceneLighting":false,"audioPlay":false,"sceneViewState":{"showFog":true,"showMaterialUpdate":false,"showSkybox":true,"showFlares":true,"showImageEffects":true,"showParticleSystems":true},"in2DMode":false,"pivot":{"x":1.3150720596313477,"y":6.113491058349609,"z":2.937800407409668},"rotation":{"x":0.12710906565189362,"y":0.026778265833854677,"z":-0.003431621240451932,"w":0.991527259349823},"size":10.0,"orthographic":false}